Pair,Position,Diff
East 1 vs West 1,1,30
East 1 vs West 1,2,0
East 1 vs West 1,3,0
East 1 vs West 1,4,0
East 1 vs West 1,5,0
East 1 vs West 1,6,0
East 1 vs West 1,7,0
East 1 vs West 1,8,0
East 1 vs West 1,9,0
East 1 vs West 1,10,0
East 1 vs West 1,11,0
East 1 vs West 1,12,0
East 1 vs West 1,13,0
East 1 vs West 1,14,0
East 1 vs West 1,15,0
East 1 vs West 1,16,0
East 1 vs West 1,17,0
East 1 vs West 1,18,0
East 1 vs West 1,19,0
East 1 vs West 1,20,0
East 1 vs West 1,21,0
East 1 vs West 1,22,0
East 1 vs West 1,23,0
East 1 vs West 1,24,0
East 1 vs West 1,25,0
East 1 vs West 1,26,51
East 1 vs West 1,27,71
East 1 vs West 1,28,10
East 1 vs West 1,29,11
East 1 vs West 1,30,0
East 1 vs West 1,31,0
East 1 vs West 1,32,0
East 1 vs West 1,33,0
East 1 vs West 1,34,15
East 1 vs West 1,35,25
East 1 vs West 1,36,11
East 1 vs West 1,37,6
East 1 vs West 1,38,0
East 1 vs West 1,39,0
East 1 vs West 1,40,0
East 1 vs West 1,41,0
East 1 vs West 1,42,0
East 1 vs West 1,43,0
East 1 vs West 1,44,0
East 1 vs West 1,45,0
East 1 vs West 1,46,0
East 1 vs West 1,47,0
East 1 vs West 1,48,0
East 1 vs West 1,49,0
East 1 vs West 1,50,0
East 1 vs West 1,51,28
East 1 vs West 1,52,5
East 1 vs West 1,53,54
East 1 vs West 1,54,53
East 1 vs West 1,55,61
East 1 vs West 1,56,0
East 1 vs West 1,57,20
East 1 vs West 1,58,39
East 1 vs West 1,59,39
East 1 vs West 1,60,15
East 1 vs West 1,61,40
East 1 vs West 1,62,30
East 1 vs West 1,63,52
East 1 vs West 1,64,3
East 1 vs West 1,65,37
East 1 vs West 1,66,1
East 1 vs West 1,67,8
East 1 vs West 1,68,5
East 1 vs West 1,69,7
East 1 vs West 1,70,70
East 1 vs West 1,71,6
East 1 vs West 1,72,10
East 1 vs West 1,73,13
East 1 vs West 1,74,38
East 1 vs West 1,75,6
East 1 vs West 1,76,54
East 1 vs West 1,77,17
East 1 vs West 1,78,17
East 1 vs West 1,79,28
East 1 vs West 1,80,34
East 1 vs West 1,81,34
East 1 vs West 1,82,5
East 1 vs West 1,83,3
East 1 vs West 1,84,29
East 1 vs West 1,85,17
East 1 vs West 1,86,1
East 1 vs West 1,87,0
East 1 vs West 1,88,6
East 1 vs West 1,89,29
East 1 vs West 1,90,31
East 1 vs West 1,91,28
East 1 vs West 1,92,1
East 1 vs West 1,93,32
East 1 vs West 1,94,15
East 1 vs West 1,95,9
East 1 vs West 1,96,31
East 1 vs West 1,97,54
East 1 vs West 1,98,0
East 1 vs West 1,99,20
East 2 vs West 2,1,40
East 2 vs West 2,2,0
East 2 vs West 2,3,0
East 2 vs West 2,4,1
East 2 vs West 2,5,13
East 2 vs West 2,6,41
East 2 vs West 2,7,6
East 2 vs West 2,8,17
East 2 vs West 2,9,8
East 2 vs West 2,10,60
East 2 vs West 2,11,0
East 2 vs West 2,12,10
East 2 vs West 2,13,40
East 2 vs West 2,14,14
East 2 vs West 2,15,18
East 2 vs West 2,16,66
East 2 vs West 2,17,49
East 2 vs West 2,18,16
East 2 vs West 2,19,40
East 2 vs West 2,20,17
East 2 vs West 2,21,45
East 2 vs West 2,22,17
East 2 vs West 2,23,8
East 2 vs West 2,24,37
East 2 vs West 2,25,48
East 2 vs West 2,26,15
East 2 vs West 2,27,42
East 2 vs West 2,28,27
East 2 vs West 2,29,27
East 2 vs West 2,30,33
East 2 vs West 2,31,10
East 2 vs West 2,32,25
East 2 vs West 2,33,2
East 2 vs West 2,34,55
East 2 vs West 2,35,49
East 2 vs West 2,36,22
East 2 vs West 2,37,36
East 2 vs West 2,38,4
East 2 vs West 2,39,6
East 2 vs West 2,40,28
East 2 vs West 2,41,27
East 2 vs West 2,42,41
East 2 vs West 2,43,6
East 2 vs West 2,44,42
East 2 vs West 2,45,38
East 2 vs West 2,46,74
East 2 vs West 2,47,8
East 2 vs West 2,48,21
East 2 vs West 2,49,42
East 2 vs West 2,50,46
East 2 vs West 2,51,16
East 2 vs West 2,52,14
East 2 vs West 2,53,41
East 2 vs West 2,54,29
East 2 vs West 2,55,3
East 2 vs West 2,56,12
East 2 vs West 2,57,46
East 2 vs West 2,58,8
East 2 vs West 2,59,35
East 2 vs West 2,60,25
East 2 vs West 2,61,36
East 2 vs West 2,62,13
East 2 vs West 2,63,42
East 2 vs West 2,64,21
East 2 vs West 2,65,70
East 2 vs West 2,66,5
East 2 vs West 2,67,28
East 2 vs West 2,68,41
East 2 vs West 2,69,23
East 2 vs West 2,70,4
East 2 vs West 2,71,37
East 2 vs West 2,72,66
East 2 vs West 2,73,40
East 2 vs West 2,74,54
East 2 vs West 2,75,10
East 2 vs West 2,76,6
East 2 vs West 2,77,34
East 2 vs West 2,78,1
East 2 vs West 2,79,35
East 2 vs West 2,80,21
East 2 vs West 2,81,9
East 2 vs West 2,82,66
East 2 vs West 2,83,56
East 2 vs West 2,84,5
East 2 vs West 2,85,15
East 2 vs West 2,86,20
East 2 vs West 2,87,18
East 2 vs West 2,88,2
East 2 vs West 2,89,3
East 2 vs West 2,90,58
East 2 vs West 2,91,7
East 2 vs West 2,92,26
East 2 vs West 2,93,75
East 2 vs West 2,94,14
East 2 vs West 2,95,19
East 2 vs West 2,96,33
East 2 vs West 2,97,55
East 2 vs West 2,98,9
East 2 vs West 2,99,1
East 2 vs West 2,100,18
East 2 vs West 2,101,17
East 2 vs West 2,102,9
East 3 vs West 3,1,29
East 3 vs West 3,2,0
East 3 vs West 3,3,0
East 3 vs West 3,4,0
East 3 vs West 3,5,0
East 3 vs West 3,6,0
East 3 vs West 3,7,21
East 3 vs West 3,8,14
East 3 vs West 3,9,18
East 3 vs West 3,10,27
East 3 vs West 3,11,50
East 3 vs West 3,12,21
East 3 vs West 3,13,41
East 3 vs West 3,14,27
East 3 vs West 3,15,0
East 3 vs West 3,16,14
East 3 vs West 3,17,23
East 3 vs West 3,18,58
East 3 vs West 3,19,31
East 3 vs West 3,20,21
East 3 vs West 3,21,27
East 3 vs West 3,22,4
East 3 vs West 3,23,28
East 3 vs West 3,24,42
East 3 vs West 3,25,48
East 3 vs West 3,26,23
East 3 vs West 3,27,61
East 3 vs West 3,28,30
East 3 vs West 3,29,41
East 3 vs West 3,30,68
East 3 vs West 3,31,39
East 3 vs West 3,32,18
East 3 vs West 3,33,27
East 3 vs West 3,34,41
East 3 vs West 3,35,6
East 3 vs West 3,36,10
East 3 vs West 3,37,30
East 3 vs West 3,38,8
East 3 vs West 3,39,28
East 3 vs West 3,40,27
East 3 vs West 3,41,72
East 3 vs West 3,42,41
East 3 vs West 3,43,33
East 3 vs West 3,44,58
East 3 vs West 3,45,66
East 3 vs West 3,46,23
East 3 vs West 3,47,46
East 3 vs West 3,48,21
East 3 vs West 3,49,23
East 3 vs West 3,50,8
East 3 vs West 3,51,10
East 3 vs West 3,52,28
East 3 vs West 3,53,19
East 3 vs West 3,54,47
East 3 vs West 3,55,14
East 3 vs West 3,56,29
East 3 vs West 3,57,3
East 3 vs West 3,58,8
East 3 vs West 3,59,38
East 3 vs West 3,60,7
East 3 vs West 3,61,47
East 3 vs West 3,62,13
East 3 vs West 3,63,6
East 3 vs West 3,64,0
East 3 vs West 3,65,12
East 3 vs West 3,66,34
East 3 vs West 3,67,52
East 3 vs West 3,68,38
East 3 vs West 3,69,11
East 3 vs West 3,70,13
East 3 vs West 3,71,48
East 3 vs West 3,72,55
East 3 vs West 3,73,8
East 3 vs West 3,74,49
East 3 vs West 3,75,28
East 3 vs West 3,76,42
East 3 vs West 3,77,18
East 3 vs West 3,78,64
East 3 vs West 3,79,35
East 3 vs West 3,80,61
East 3 vs West 3,81,35
East 3 vs West 3,82,25
East 3 vs West 3,83,34
East 3 vs West 3,84,3
East 3 vs West 3,85,28
East 3 vs West 3,86,5
East 3 vs West 3,87,56
East 3 vs West 3,88,16
East 3 vs West 3,89,9
East 3 vs West 3,90,51
East 3 vs West 3,91,17
East 3 vs West 3,92,16
East 3 vs West 3,93,24
East 3 vs West 3,94,22
East 3 vs West 3,95,53
East 3 vs West 3,96,12
East 3 vs West 3,97,30
East 3 vs West 3,98,33
East 3 vs West 3,99,79
East 3 vs West 3,100,45
East 3 vs West 3,101,17
East 3 vs West 3,102,4
East 3 vs West 3,103,25
East 3 vs West 3,104,3
East 3 vs West 3,105,31
East 3 vs West 3,106,44
East 3 vs West 3,107,44
East 3 vs West 3,108,34
East 3 vs West 3,109,25
East 3 vs West 3,110,77
East 3 vs West 3,111,3
East 3 vs West 3,112,48
East 3 vs West 3,113,13
East 3 vs West 3,114,16
East 3 vs West 3,115,2
East 3 vs West 3,116,30
East 3 vs West 3,117,32
East 3 vs West 3,118,17
East 3 vs West 3,119,18
East 3 vs West 3,120,23
East 3 vs West 3,121,10
East 3 vs West 3,122,34
East 3 vs West 3,123,4
East 3 vs West 3,124,52
East 4 vs West 4,1,50
East 4 vs West 4,2,0
East 4 vs West 4,3,0
East 4 vs West 4,4,0
East 4 vs West 4,5,0
East 4 vs West 4,6,0
East 4 vs West 4,7,0
East 4 vs West 4,8,0
East 4 vs West 4,9,0
East 4 vs West 4,10,0
East 4 vs West 4,11,0
East 4 vs West 4,12,0
East 4 vs West 4,13,0
East 4 vs West 4,14,0
East 4 vs West 4,15,0
East 4 vs West 4,16,0
East 4 vs West 4,17,0
East 4 vs West 4,18,0
East 4 vs West 4,19,0
East 4 vs West 4,20,0
East 4 vs West 4,21,0
East 4 vs West 4,22,17
East 4 vs West 4,23,23
East 4 vs West 4,24,42
East 4 vs West 4,25,0
East 4 vs West 4,26,54
East 4 vs West 4,27,27
East 4 vs West 4,28,60
East 4 vs West 4,29,78
East 4 vs West 4,30,1
East 4 vs West 4,31,3
East 4 vs West 4,32,44
East 4 vs West 4,33,57
East 4 vs West 4,34,14
East 4 vs West 4,35,1
East 4 vs West 4,36,27
East 4 vs West 4,37,40
East 4 vs West 4,38,58
East 4 vs West 4,39,26
East 4 vs West 4,40,27
East 4 vs West 4,41,16
East 4 vs West 4,42,5
East 4 vs West 4,43,16
East 4 vs West 4,44,64
East 4 vs West 4,45,11
East 4 vs West 4,46,18
East 4 vs West 4,47,8
East 4 vs West 4,48,4
East 4 vs West 4,49,11
East 4 vs West 4,50,33
East 4 vs West 4,51,70
East 4 vs West 4,52,24
East 4 vs West 4,53,21
East 4 vs West 4,54,8
East 4 vs West 4,55,11
East 4 vs West 4,56,39
East 4 vs West 4,57,8
East 4 vs West 4,58,50
East 4 vs West 4,59,12
East 4 vs West 4,60,23
East 4 vs West 4,61,19
East 4 vs West 4,62,10
East 4 vs West 4,63,12
East 4 vs West 4,64,0
East 4 vs West 4,65,37
East 4 vs West 4,66,28
East 4 vs West 4,67,64
East 4 vs West 4,68,5
East 4 vs West 4,69,71
East 4 vs West 4,70,25
East 4 vs West 4,71,22
East 4 vs West 4,72,7
East 4 vs West 4,73,17
East 4 vs West 4,74,23
East 4 vs West 4,75,1
East 4 vs West 4,76,32
East 4 vs West 4,77,23
East 4 vs West 4,78,13
East 4 vs West 4,79,6
East 4 vs West 4,80,33
East 4 vs West 4,81,3
East 4 vs West 4,82,19
East 4 vs West 4,83,24
East 4 vs West 4,84,2
East 4 vs West 4,85,14
East 4 vs West 4,86,27
East 4 vs West 4,87,2
East 4 vs West 4,88,10
East 4 vs West 4,89,4
East 4 vs West 4,90,60
East 4 vs West 4,91,53
East 4 vs West 4,92,56
East 4 vs West 4,93,9
East 4 vs West 4,94,57
East 4 vs West 4,95,25
East 4 vs West 4,96,12
East 4 vs West 4,97,5
East 4 vs West 4,98,19
East 4 vs West 4,99,1
East 4 vs West 4,100,6
East 4 vs West 4,101,41
East 4 vs West 4,102,24
East 4 vs West 4,103,38
East 4 vs West 4,104,21
East 4 vs West 4,105,22
East 4 vs West 4,106,58
East 4 vs West 4,107,71
East 4 vs West 4,108,5
East 4 vs West 4,109,35
East 4 vs West 4,110,56
East 4 vs West 4,111,5
East 4 vs West 4,112,36
East 4 vs West 4,113,45
East 4 vs West 4,114,65
East 4 vs West 4,115,37
East 4 vs West 4,116,23
East 4 vs West 4,117,13
East 4 vs West 4,118,58
East 4 vs West 4,119,21
